method	algorithm	distance	k	stretch	delta_auc	p_val	cox_anova_pval	cox_anova_chisq	cluster.size	noisen	diameter	average.distance	median.distance	average.between	average.within	within.cluster.ss	clus.avg.silwidths	avg_sil	dunn	dunn2	entropy	wb.ratio	cluster_size_min	cluster_size_max	all_equal	cluster_qual	rank
km_euclidean_2	km	euclidean	2	43	0.5	1.98e-02	0.15	2.08	299, 237	0	1.12, 0.79	0.32, 0.19	0.26, 0.15	0.42	0.26	27.63	0.22, 0.55	0.38	0.01	1.34	0.69	0.61	TRUE	FALSE	7.41e-03	60.01	1
pam_euclidean_2	pam	euclidean	2	32	0.5	1.98e-02	0.24	1.38	283, 253	0	1.04, 0.79	0.3, 0.2	0.25, 0.16	0.43	0.25	26.3	0.26, 0.53	0.4	0.02	1.42	0.69	0.59	TRUE	FALSE	1.95e-01	55.02	2
pam_pearson_3	pam	pearson	3	11	0.33	0e+00	0.31	1.04	200, 193, 143	0	0.8, 0.76, 0.72	0.19, 0.15, 0.2	0.17, 0.12, 0.17	0.43	0.18	12.02	0.47, 0.51, 0.41	0.46	0.01	1.85	1.09	0.41	TRUE	TRUE	4.48e-03	53.3	3
pam_maximum_2	pam	maximum	2	33	0.5	1.98e-02	0.32	0.99	300, 236	0	1.12, 0.79	0.32, 0.2	0.27, 0.16	0.42	0.26	28.13	0.2, 0.52	0.36	0.01	1.32	0.69	0.63	TRUE	FALSE	5.7e-03	53.03	4
hc_canberra_2	hc	canberra	2	45	0.02	1.98e-02	0.73	0.12	535, 1	0	1.16, NA	0.34, NaN	0.31, NA	0.63	0.34	42.78	0.41, 0	0.2	0.17	1.82	0.01	0.55	FALSE	FALSE	1.03e-117	52.68	5
pam_pearson_9	pam	pearson	9	11	0.02	1.58e-02	0.64	0.22	57, 46, 43, 102, 89, 66, 39, 73, 21	0	0.67, 0.46, 0.59, 0.57, 0.54, 0.36, 0.36, 0.41, 0.71	0.15, 0.16, 0.15, 0.1, 0.12, 0.08, 0.13, 0.1, 0.24	0.13, 0.14, 0.13, 0.08, 0.11, 0.07, 0.12, 0.08, 0.23	0.38	0.12	5.8	0.26, 0.23, 0.1, 0.31, 0.31, 0.41, 0.24, 0.22, 0.08	0.24	0.01	0.62	2.11	0.33	FALSE	TRUE	9.86e-16	52.02	6
hc_binary_2	hc	binary	2	48	0.02	3.17e-01	1	0	535, 1	0	1.16, NA	0.34, NaN	0.31, NA	0.58	0.34	42.83	0.32, 0	0.16	0.05	1.68	0.01	0.6	FALSE	FALSE	1.03e-117	48.4	7
pam_pearson_7	pam	pearson	7	5	0.03	6.3e-03	0.73	0.12	75, 47, 117, 102, 81, 87, 27	0	0.7, 0.46, 0.62, 0.57, 0.39, 0.41, 0.8	0.17, 0.16, 0.14, 0.1, 0.11, 0.11, 0.26	0.15, 0.14, 0.12, 0.08, 0.09, 0.09, 0.24	0.39	0.13	6.82	0.19, 0.24, 0.36, 0.37, 0.44, 0.23, 0.07	0.27	0.01	0.61	1.87	0.34	FALSE	TRUE	3.82e-14	48.32	8
hc_pearson_2	hc	pearson	2	38	0.02	1.98e-02	0.73	0.12	535, 1	0	1.16, NA	0.34, NaN	0.31, NA	0.63	0.34	42.78	0.41, 0	0.2	0.17	1.82	0.01	0.55	FALSE	FALSE	1.03e-117	48.26	9
hc_binary_3	hc	binary	3	43	0.44	4.37e-08	0.79	0.07	533, 2, 1	0	1.16, 0.13, NA	0.34, 0.13, NaN	0.31, 0.13, NA	0.52	0.34	42.4	0.18, 0.38, 0	0.19	0.01	0.64	0.04	0.66	FALSE	FALSE	1.29e-229	48.2	10
km_euclidean_3	km	euclidean	3	11	0.25	0e+00	0.83	0.05	270, 163, 103	0	1.04, 0.75, 0.49	0.28, 0.12, 0.13	0.23, 0.1, 0.11	0.42	0.2	18.22	0.17, 0.57, 0.56	0.43	0.01	1.13	1.02	0.49	TRUE	FALSE	4.02e-18	47.93	11
pam_pearson_8	pam	pearson	8	9	0.02	2.81e-01	0.88	0.02	67, 47, 117, 102, 66, 40, 75, 22	0	0.7, 0.46, 0.62, 0.57, 0.36, 0.36, 0.41, 0.8	0.16, 0.16, 0.14, 0.1, 0.08, 0.13, 0.1, 0.26	0.14, 0.14, 0.12, 0.08, 0.07, 0.12, 0.09, 0.24	0.38	0.13	6.3	0.24, 0.24, 0.34, 0.32, 0.42, 0.23, 0.2, 0.03	0.25	0.01	0.56	1.98	0.33	FALSE	TRUE	1.91e-19	47.62	12
hc_canberra_3	hc	canberra	3	35	2.12	0e+00	0.08	3.01	529, 6, 1	0	1.15, 0.71, NA	0.34, 0.32, NaN	0.31, 0.23, NA	0.51	0.34	41.83	0.1, 0.37, 0	0.16	0.01	1.44	0.07	0.67	FALSE	FALSE	1.71e-224	47.57	13
pam_euclidean_3	pam	euclidean	3	8	0.26	0e+00	0.11	2.49	222, 98, 216	0	0.83, 1, 0.7	0.2, 0.29, 0.16	0.18, 0.26, 0.13	0.43	0.2	15.83	0.47, 0.14, 0.48	0.36	0.01	1.28	1.04	0.47	TRUE	TRUE	1.3e-12	46.26	14
pam_pearson_4	pam	pearson	4	1	0.11	7.48e-11	0.66	0.2	85, 141, 174, 136	0	0.92, 0.68, 0.75, 0.64	0.22, 0.16, 0.14, 0.17	0.19, 0.14, 0.11, 0.14	0.41	0.16	10.55	0.12, 0.42, 0.51, 0.42	0.37	0.01	1.35	1.36	0.4	TRUE	TRUE	1.22e-06	45.49	15
km_euclidean_4	km	euclidean	4	4	0.14	1.46e-13	0.31	1.05	209, 98, 162, 67	0	0.83, 1, 0.68, 0.36	0.19, 0.29, 0.12, 0.09	0.17, 0.27, 0.1, 0.07	0.41	0.17	12.6	0.44, -0.23, 0.51, 0.61	0.33	0.01	0.92	1.3	0.42	TRUE	TRUE	1.34e-19	45.14	16
pam_pearson_5	pam	pearson	5	1	0.06	1.58e-02	0.74	0.11	94, 127, 166, 103, 46	0	0.74, 0.68, 0.75, 0.44, 0.71	0.2, 0.15, 0.13, 0.11, 0.24	0.18, 0.13, 0.11, 0.1, 0.22	0.4	0.15	8.94	0.12, 0.4, 0.47, 0.49, 0.1	0.32	0.01	1.09	1.54	0.38	FALSE	TRUE	6.29e-15	45.13	17
pam_pearson_2	pam	pearson	2	6	0.5	1.98e-02	0.25	1.35	235, 301	0	1.01, 0.88	0.22, 0.24	0.19, 0.2	0.46	0.23	20.77	0.49, 0.45	0.47	0.01	1.9	0.69	0.51	TRUE	FALSE	4.36e-03	44.82	18
hc_euclidean_3	hc	euclidean	3	38	0.72	4.37e-08	0.73	0.12	530, 3, 3	0	1.16, 0.22, 0.08	0.34, 0.14, 0.05	0.31, 0.14, 0.05	0.38	0.34	42.48	-0.18, 0.45, 0.83	0.37	0.02	0.89	0.07	0.89	FALSE	FALSE	9.33e-226	44.76	19
pam_pearson_6	pam	pearson	6	1	0.04	1.55e-01	0.87	0.03	76, 50, 117, 150, 98, 45	0	0.7, 0.5, 0.62, 0.6, 0.44, 0.8	0.17, 0.16, 0.14, 0.11, 0.11, 0.25	0.15, 0.15, 0.12, 0.09, 0.09, 0.23	0.4	0.14	7.51	0.2, 0.24, 0.38, 0.5, 0.48, 0.05	0.31	0.01	1.06	1.71	0.35	FALSE	TRUE	2.66e-18	44.69	20
hc_maximum_2	hc	maximum	2	46	0.04	1.98e-02	0.73	0.12	530, 6	0	1.16, 0.49	0.34, 0.22	0.31, 0.21	0.38	0.34	42.63	0.05, 0.41	0.23	0.02	1.12	0.06	0.89	FALSE	FALSE	2.04e-113	44.66	21
pam_pearson_10	pam	pearson	10	1	0.01	7.83e-02	0.68	0.17	62, 46, 45, 102, 85, 66, 35, 73, 21, 1	0	0.67, 0.46, 0.59, 0.57, 0.48, 0.36, 0.36, 0.41, 0.71, NA	0.15, 0.16, 0.16, 0.1, 0.12, 0.08, 0.12, 0.1, 0.24, NaN	0.13, 0.14, 0.14, 0.08, 0.11, 0.07, 0.1, 0.08, 0.23, NA	0.38	0.12	5.78	0.13, 0.09, 0.01, 0.27, 0.19, 0.4, 0.31, 0.21, 0.06, 0	0.17	0.01	0.62	2.12	0.33	FALSE	TRUE	1.53e-28	43.65	22
pam_euclidean_4	pam	euclidean	4	1	0.14	1.46e-13	0.38	0.78	216, 77, 150, 93	0	0.83, 1, 0.68, 0.51	0.2, 0.3, 0.11, 0.12	0.17, 0.27, 0.09, 0.11	0.41	0.17	12.29	0.41, -0.17, 0.58, 0.46	0.32	0.01	0.98	1.31	0.42	TRUE	TRUE	3.81e-19	43.2	23
km_euclidean_7	km	euclidean	7	1	0.03	5.41e-02	0.11	2.49	40, 36, 144, 86, 140, 60, 30	0	0.57, 0.52, 0.65, 0.99, 0.49, 0.36, 0.38	0.14, 0.15, 0.16, 0.27, 0.1, 0.08, 0.14	0.12, 0.13, 0.14, 0.25, 0.08, 0.07, 0.13	0.39	0.15	8.83	0.4, 0.24, 0.17, -0.21, 0.4, 0.65, 0.14	0.26	0.01	0.68	1.78	0.37	FALSE	TRUE	4.9e-37	43.16	24
km_euclidean_6	km	euclidean	6	1	0.04	7.87e-04	0.07	3.28	46, 172, 89, 137, 61, 31	0	0.66, 0.69, 0.99, 0.49, 0.36, 0.52	0.16, 0.17, 0.27, 0.09, 0.08, 0.15	0.14, 0.15, 0.25, 0.08, 0.07, 0.14	0.4	0.16	9.91	0.3, 0.27, -0.21, 0.44, 0.65, 0.1	0.26	0.01	0.71	1.63	0.39	FALSE	TRUE	7.19e-35	43.04	25
km_euclidean_5	km	euclidean	5	1	0.06	6.3e-03	0.09	2.81	211, 89, 136, 69, 31	0	0.83, 0.99, 0.49, 0.36, 0.66	0.19, 0.27, 0.09, 0.1, 0.17	0.17, 0.25, 0.08, 0.08, 0.14	0.41	0.17	11.38	0.38, -0.18, 0.49, 0.56, 0.07	0.26	0.01	0.79	1.44	0.41	FALSE	TRUE	1.16e-37	42.17	26
pam_euclidean_5	pam	euclidean	5	1	0.08	4.45e-04	0.4	0.71	140, 79, 81, 149, 87	0	0.81, 0.69, 0.99, 0.68, 0.48	0.19, 0.17, 0.28, 0.11, 0.12	0.17, 0.15, 0.25, 0.09, 0.1	0.4	0.16	10.85	0.06, 0.21, -0.14, 0.55, 0.46	0.23	0.01	0.79	1.57	0.42	TRUE	TRUE	6.53e-09	42.06	27
pam_maximum_4	pam	maximum	4	1	0.18	4.88e-15	0.22	1.53	221, 142, 92, 81	0	1.01, 0.68, 0.52, 0.99	0.21, 0.1, 0.13, 0.28	0.18, 0.09, 0.11, 0.25	0.41	0.18	13.15	0.37, 0.58, 0.36, -0.13	0.3	0.01	0.98	1.31	0.44	TRUE	TRUE	1.28e-19	42.01	28
km_euclidean_8	km	euclidean	8	1	0.02	2.11e-01	0.24	1.36	40, 36, 144, 62, 139, 53, 31, 31	0	0.57, 0.52, 0.65, 0.99, 0.49, 0.21, 0.33, 0.38	0.14, 0.15, 0.16, 0.29, 0.1, 0.06, 0.11, 0.14	0.12, 0.13, 0.14, 0.27, 0.08, 0.06, 0.09, 0.13	0.39	0.14	8.1	0.39, 0.24, 0.17, -0.27, 0.37, 0.53, 0.25, 0.13	0.23	0.01	0.52	1.89	0.36	FALSE	TRUE	1.1e-46	41.8	29
hc_pearson_8	hc	pearson	8	1	0.05	1.55e-01	0.7	0.14	230, 175, 119, 1, 6, 1, 3, 1	0	0.81, 0.76, 0.7, NA, 0.3, NA, 0.27, NA	0.21, 0.13, 0.17, NaN, 0.19, NaN, 0.19, NaN	0.18, 0.11, 0.14, NA, 0.2, NA, 0.18, NA	0.43	0.17	11.21	0.2, 0.55, 0.38, 0, 0.54, 0, 0.34, 0	0.25	0.02	1.59	1.18	0.4	FALSE	TRUE	5.96e-195	41.3	30
pam_euclidean_7	pam	euclidean	7	1	0.03	5.41e-02	0.55	0.35	52, 78, 102, 70, 58, 70, 106	0	0.69, 0.59, 0.67, 0.99, 0.37, 0.48, 0.49	0.16, 0.14, 0.19, 0.26, 0.11, 0.09, 0.09	0.14, 0.12, 0.17, 0.23, 0.1, 0.08, 0.08	0.38	0.15	9.08	0.26, 0.23, -0.05, -0.13, 0.16, 0.55, 0.31	0.19	0.01	0.54	1.92	0.39	FALSE	TRUE	9.19e-06	41.26	31
km_euclidean_9	km	euclidean	9	1	0.02	1.55e-01	0.3	1.08	41, 36, 143, 61, 137, 53, 32, 30, 3	0	0.57, 0.52, 0.65, 0.99, 0.49, 0.21, 0.33, 0.38, 0.09	0.13, 0.15, 0.16, 0.29, 0.09, 0.06, 0.1, 0.14, 0.07	0.12, 0.13, 0.14, 0.27, 0.08, 0.06, 0.09, 0.13, 0.07	0.39	0.14	8.07	0.37, 0.24, 0.17, -0.29, 0.15, 0.31, 0.24, -0.03, 0.39	0.17	0.01	0.4	1.91	0.36	FALSE	TRUE	3.2e-63	41.16	32
hc_pearson_3	hc	pearson	3	15	3.29	4.34e-13	0.67	0.18	534, 1, 1	0	1.16, NA, NA	0.34, NaN, NaN	0.31, NA, NA	0.61	0.34	42.49	0.29, 0, 0	0.1	0.12	1.73	0.03	0.56	FALSE	FALSE	6.56e-231	40.96	33
hc_canberra_4	hc	canberra	4	25	0.84	3.66e-02	0.02	5.29	529, 4, 2, 1	0	1.15, 0.12, 0.21, NA	0.34, 0.07, 0.21, NaN	0.31, 0.06, 0.21, NA	0.51	0.34	41.46	-0.04, 0.84, 0.58, 0	0.34	0.01	1.35	0.08	0.66	FALSE	FALSE	0e+00	40.86	34
hc_euclidean_2	hc	euclidean	2	34	0.02	3.96e-01	0.78	0.08	533, 3	0	1.16, 0.08	0.34, 0.05	0.31, 0.05	0.44	0.34	42.59	0.1, 0.89	0.49	0.02	1.29	0.03	0.77	FALSE	FALSE	5.52e-116	40.62	35
pam_euclidean_6	pam	euclidean	6	1	0.06	7.87e-04	0.3	1.07	132, 93, 70, 64, 77, 100	0	0.81, 0.84, 0.99, 0.59, 0.48, 0.49	0.18, 0.19, 0.26, 0.13, 0.11, 0.09	0.16, 0.17, 0.23, 0.1, 0.09, 0.08	0.38	0.16	10.28	0.12, 0.07, -0.11, 0.07, 0.48, 0.39	0.17	0.01	0.59	1.76	0.41	TRUE	TRUE	1.59e-06	40.4	36
hc_pearson_5	hc	pearson	5	1	0.74	7.82e-09	0.06	3.55	234, 294, 1, 6, 1	0	0.81, 0.99, NA, 0.3, NA	0.21, 0.24, NaN, 0.19, NaN	0.19, 0.2, NA, 0.2, NA	0.46	0.23	19.77	0.4, 0.36, 0, 0.59, 0	0.27	0.04	1.87	0.76	0.5	FALSE	FALSE	8.03e-168	39.24	37
pam_spearman_2	pam	spearman	2	13	0.5	1.98e-02	0.03	4.58	308, 228	0	1.06, 0.88	0.32, 0.19	0.27, 0.15	0.41	0.27	29.11	0.18, 0.54	0.36	0.01	1.28	0.68	0.65	TRUE	FALSE	5.49e-04	39.09	38
hc_maximum_3	hc	maximum	3	30	0.51	7.87e-04	0.73	0.12	530, 3, 3	0	1.16, 0.22, 0.08	0.34, 0.14, 0.05	0.31, 0.14, 0.05	0.38	0.34	42.48	-0.18, 0.45, 0.83	0.37	0.02	0.89	0.07	0.89	FALSE	FALSE	9.33e-226	39.06	39
hc_spearman_2	hc	spearman	2	30	0.02	1.98e-02	0.05	3.74	533, 3	0	1.15, 0.75	0.34, 0.62	0.31, 0.66	0.56	0.34	42.68	0.37, -0.1	0.14	0.02	0.9	0.03	0.62	FALSE	FALSE	5.52e-116	38.79	40
pam_maximum_3	pam	maximum	3	4	0.24	0e+00	0.47	0.52	290, 142, 104	0	1.06, 0.68, 0.52	0.31, 0.1, 0.14	0.26, 0.09, 0.12	0.4	0.22	22.27	0.08, 0.61, 0.43	0.37	0.01	0.93	1	0.55	TRUE	FALSE	3.35e-24	38.54	41
km_euclidean_10	km	euclidean	10	1	0.02	4.68e-01	0.11	2.61	40, 36, 140, 64, 41, 53, 32, 34, 75, 21	0	0.57, 0.52, 0.56, 1, 0.19, 0.21, 0.33, 0.35, 0.38, 0.38	0.14, 0.15, 0.15, 0.31, 0.06, 0.06, 0.1, 0.08, 0.08, 0.15	0.12, 0.13, 0.14, 0.28, 0.06, 0.06, 0.09, 0.06, 0.06, 0.14	0.38	0.13	7.91	0.38, 0.21, 0.18, -0.31, 0.31, 0.37, 0.25, 0.27, 0.12, -0.13	0.16	0.01	0.32	2.15	0.36	FALSE	TRUE	9.9e-38	38.04	42
pam_maximum_5	pam	maximum	5	1	0.07	3.66e-02	0.54	0.37	160, 108, 152, 91, 25	0	1.01, 1, 0.68, 0.52, 0.4	0.19, 0.34, 0.11, 0.13, 0.14	0.16, 0.3, 0.09, 0.11, 0.12	0.4	0.19	14.78	0.41, -0.33, 0.54, 0.19, 0.24	0.21	0.01	0.58	1.49	0.47	FALSE	TRUE	6.56e-23	37.84	43
pam_euclidean_9	pam	euclidean	9	1	0.02	4.68e-01	0.18	1.82	39, 73, 77, 78, 51, 58, 56, 59, 45	0	0.57, 0.55, 0.66, 0.99, 0.38, 0.21, 0.35, 0.31, 0.48	0.14, 0.16, 0.18, 0.26, 0.11, 0.07, 0.07, 0.07, 0.12	0.12, 0.14, 0.17, 0.23, 0.1, 0.06, 0.07, 0.06, 0.1	0.37	0.14	8.28	0.36, 0, -0.12, -0.16, 0.04, 0.51, 0.25, 0.4, 0.29	0.17	0.01	0.47	2.17	0.37	FALSE	TRUE	1.05e-03	37.26	44
pam_euclidean_8	pam	euclidean	8	1	0.02	4.68e-01	0.26	1.25	47, 81, 102, 69, 58, 66, 58, 55	0	0.57, 0.64, 0.67, 0.99, 0.56, 0.36, 0.37, 0.29	0.14, 0.15, 0.19, 0.26, 0.13, 0.08, 0.08, 0.07	0.12, 0.13, 0.17, 0.23, 0.11, 0.07, 0.07, 0.05	0.37	0.14	8.79	0.38, 0.19, -0.07, -0.16, -0.04, 0.46, 0.22, 0.44	0.18	0.01	0.47	2.05	0.39	FALSE	TRUE	4.38e-05	37.2	45
hc_spearman_3	hc	spearman	3	28	0.8	1.87e-08	0.08	3.08	532, 3, 1	0	1.15, 0.75, NA	0.34, 0.62, NaN	0.31, 0.66, NA	0.55	0.34	42.43	0.15, -0.28, 0	-0.04	0.02	0.82	0.05	0.63	FALSE	FALSE	2.5e-228	37.04	46
hc_pearson_9	hc	pearson	9	1	0.04	5.81e-01	0.7	0.15	230, 176, 111, 7, 1, 6, 1, 3, 1	0	0.81, 0.76, 0.53, 0.38, NA, 0.3, NA, 0.27, NA	0.21, 0.13, 0.14, 0.23, NaN, 0.19, NaN, 0.19, NaN	0.18, 0.11, 0.13, 0.24, NA, 0.2, NA, 0.18, NA	0.43	0.17	10.6	0.2, 0.53, 0.39, 0.16, 0, 0.43, 0, 0.34, 0	0.23	0.02	1.43	1.23	0.39	FALSE	TRUE	5.17e-228	36.98	47
hc_pearson_7	hc	pearson	7	1	0.09	2.43e-02	0.49	0.47	230, 286, 8, 1, 6, 1, 4	0	0.81, 0.88, 0.39, NA, 0.3, NA, 0.38	0.21, 0.23, 0.23, NaN, 0.19, NaN, 0.26	0.18, 0.19, 0.23, NA, 0.2, NA, 0.26	0.45	0.22	17.96	0.3, 0.33, 0.16, 0, 0.39, 0, 0.29	0.21	0.04	1.24	0.87	0.48	FALSE	FALSE	2.23e-261	36.89	48
pam_maximum_6	pam	maximum	6	1	0.05	1.55e-01	0.11	2.61	113, 98, 103, 67, 82, 73	0	0.91, 0.68, 0.74, 0.52, 0.99, 0.59	0.21, 0.18, 0.11, 0.12, 0.26, 0.1	0.18, 0.15, 0.08, 0.1, 0.24, 0.08	0.38	0.17	11.24	-0.01, 0.1, 0.3, 0.27, -0.12, 0.2	0.12	0	0.63	1.77	0.43	TRUE	TRUE	2.51e-03	36.82	49
pam_spearman_3	pam	spearman	3	1	0.29	1.55e-14	0.08	3.15	202, 150, 184	0	0.95, 0.94, 0.88	0.21, 0.3, 0.17	0.17, 0.28, 0.13	0.41	0.22	19.68	0.44, -0.03, 0.43	0.28	0	1.09	1.09	0.54	TRUE	TRUE	2.02e-02	36.63	50
hc_maximum_4	hc	maximum	4	16	1.31	1.07e-06	0.5	0.46	524, 3, 6, 3	0	1.16, 0.22, 0.28, 0.08	0.34, 0.14, 0.12, 0.05	0.31, 0.14, 0.09, 0.05	0.43	0.33	41.36	-0.25, 0.45, 0.68, 0.83	0.43	0.02	0.9	0.13	0.77	FALSE	FALSE	0e+00	36.6	51
hc_euclidean_4	hc	euclidean	4	26	0.57	4.45e-04	0.7	0.14	529, 3, 1, 3	0	1.16, 0.22, NA, 0.08	0.34, 0.14, NaN, 0.05	0.31, 0.14, NA, 0.05	0.41	0.34	42.23	-0.23, 0.45, 0, 0.83	0.26	0.02	0.89	0.08	0.83	FALSE	FALSE	0e+00	35.66	52
hc_maximum_10	hc	maximum	10	3	0.1	7.83e-02	0.46	0.56	278, 158, 80, 1, 1, 6, 5, 3, 2, 2	0	1.09, 0.54, 0.46, NA, NA, 0.28, 0.38, 0.08, 0.11, 0.05	0.3, 0.11, 0.12, NaN, NaN, 0.12, 0.23, 0.05, 0.11, 0.05	0.25, 0.09, 0.1, NA, NA, 0.09, 0.22, 0.05, 0.11, 0.05	0.4	0.21	19.81	-0.22, 0.39, -0.32, 0, 0, 0.63, 0.14, 0.49, 0.51, 0.63	0.23	0.01	0.32	1.17	0.52	FALSE	FALSE	7.9e-316	35.63	53
hc_maximum_9	hc	maximum	9	1	0.22	2.47e-04	0.53	0.4	278, 160, 80, 1, 1, 6, 5, 3, 2	0	1.09, 0.55, 0.46, NA, NA, 0.28, 0.38, 0.08, 0.05	0.3, 0.11, 0.12, NaN, NaN, 0.12, 0.23, 0.05, 0.05	0.25, 0.1, 0.1, NA, NA, 0.09, 0.22, 0.05, 0.05	0.41	0.21	19.96	-0.22, 0.44, -0.32, 0, 0, 0.63, 0.24, 0.49, 0.63	0.21	0.01	0.32	1.15	0.52	FALSE	FALSE	2.06e-275	35.36	54
hc_pearson_6	hc	pearson	6	1	0.06	2.11e-01	0.08	3.17	233, 287, 8, 1, 6, 1	0	0.81, 0.88, 0.39, NA, 0.3, NA	0.21, 0.23, 0.23, NaN, 0.19, NaN	0.18, 0.19, 0.23, NA, 0.2, NA	0.46	0.22	18.29	0.4, 0.33, 0.16, 0, 0.39, 0	0.21	0.04	1.41	0.83	0.48	FALSE	FALSE	7.66e-213	35.13	55
pam_maximum_7	pam	maximum	7	1	0.03	4.68e-01	0.3	1.07	52, 88, 98, 100, 62, 67, 69	0	0.83, 1.01, 1, 0.56, 0.36, 0.64, 0.49	0.2, 0.18, 0.22, 0.09, 0.1, 0.22, 0.1	0.17, 0.15, 0.18, 0.08, 0.08, 0.2, 0.08	0.38	0.16	10.83	0.15, 0.11, -0.09, 0.36, 0.33, -0.04, 0.17	0.14	0	0.69	1.92	0.42	FALSE	TRUE	1.18e-04	34.73	56
pam_euclidean_10	pam	euclidean	10	1	0.01	8.13e-01	0.66	0.19	41, 53, 73, 51, 59, 66, 58, 36, 51, 48	0	0.57, 0.64, 0.63, 0.8, 0.46, 0.44, 0.21, 0.65, 0.35, 0.29	0.13, 0.16, 0.18, 0.28, 0.13, 0.11, 0.07, 0.15, 0.07, 0.06	0.11, 0.13, 0.16, 0.27, 0.12, 0.09, 0.06, 0.12, 0.06, 0.05	0.37	0.13	7.62	0.39, 0.05, -0.04, -0.25, 0.15, 0.02, 0.45, 0.15, 0.24, 0.46	0.16	0.01	0.42	2.28	0.36	FALSE	TRUE	1.57e-02	34.41	57
hc_binary_4	hc	binary	4	29	0.31	2.43e-02	0.76	0.09	532, 2, 1, 1	0	1.16, 0.13, NA, NA	0.34, 0.13, NaN, NaN	0.31, 0.13, NA, NA	0.48	0.34	42.31	-0.12, 0.18, 0, 0	0.01	0.01	0.58	0.05	0.72	FALSE	FALSE	0e+00	33.77	58
pam_spearman_4	pam	spearman	4	1	0.11	1.58e-02	0.01	6.15	252, 54, 105, 125	0	1.06, 0.93, 0.75, 0.88	0.25, 0.28, 0.16, 0.18	0.21, 0.25, 0.12, 0.14	0.4	0.22	18.95	0.29, 0.14, 0.22, 0.04	0.17	0	0.76	1.24	0.54	TRUE	TRUE	3.76e-34	33.75	59
hc_pearson_10	hc	pearson	10	1	0.03	9.67e-01	0.01	6.82	230, 172, 112, 6, 1, 6, 4, 1, 3, 1	0	0.81, 0.56, 0.53, 0.38, NA, 0.3, 0.24, NA, 0.27, NA	0.21, 0.12, 0.15, 0.23, NaN, 0.19, 0.19, NaN, 0.19, NaN	0.18, 0.1, 0.13, 0.25, NA, 0.2, 0.19, NA, 0.18, NA	0.43	0.17	10.32	0.19, 0.49, 0.39, 0.17, 0, 0.42, 0.36, 0, 0.34, 0	0.24	0.02	1.29	1.26	0.39	FALSE	TRUE	5.15e-261	33.48	60
pam_spearman_5	pam	spearman	5	1	0.06	1.55e-01	0.09	2.87	233, 57, 96, 75, 75	0	1.06, 0.93, 0.82, 0.66, 0.75	0.23, 0.28, 0.17, 0.15, 0.15	0.19, 0.25, 0.13, 0.13, 0.11	0.39	0.2	16.46	0.33, -0.02, -0.14, 0.22, 0.1	0.1	0	0.62	1.46	0.51	TRUE	TRUE	2.34e-40	32.68	61
pam_spearman_6	pam	spearman	6	1	0.06	7.83e-02	0.06	3.48	183, 76, 101, 62, 37, 77	0	0.9, 0.9, 0.82, 0.65, 0.83, 0.75	0.2, 0.29, 0.17, 0.15, 0.27, 0.16	0.17, 0.26, 0.12, 0.12, 0.24, 0.12	0.38	0.2	15.77	0.36, -0.2, -0.12, 0.21, 0.02, 0.05	0.05	0	0.61	1.67	0.52	FALSE	TRUE	5.4e-29	32.45	62
pam_maximum_8	pam	maximum	8	1	0.02	8.13e-01	0.57	0.33	51, 112, 48, 70, 108, 56, 31, 60	0	0.76, 1.01, 0.64, 1, 0.55, 0.35, 0.36, 0.44	0.2, 0.17, 0.25, 0.21, 0.1, 0.09, 0.11, 0.09	0.17, 0.14, 0.24, 0.17, 0.08, 0.07, 0.09, 0.08	0.38	0.15	9.9	0.15, 0.12, -0.21, -0.03, 0.33, 0.23, 0.34, 0.17	0.14	0	0.58	2	0.4	FALSE	TRUE	6.35e-16	32.22	63
pam_canberra_5	pam	canberra	5	1	0.08	1.01e-02	0.88	0.02	108, 107, 111, 90, 120	0	1.04, 1.03, 0.84, 0.97, 0.77	0.24, 0.18, 0.2, 0.25, 0.17	0.2, 0.15, 0.17, 0.22, 0.12	0.38	0.21	17.3	-0.15, 0.13, 0.08, 0.12, 0.08	0.05	0	0.87	1.61	0.55	TRUE	TRUE	3.51e-01	31.92	64
hc_pearson_4	hc	pearson	4	5	2.07	1.87e-08	0.23	1.46	528, 1, 6, 1	0	1.16, NA, 0.3, NA	0.34, NaN, 0.19, NaN	0.31, NA, 0.2, NA	0.56	0.34	41.17	0.22, 0, 0.63, 0	0.21	0.07	1.63	0.09	0.6	FALSE	FALSE	0e+00	31.89	65
pam_canberra_4	pam	canberra	4	1	0.14	7.87e-04	0.41	0.69	194, 111, 110, 121	0	0.91, 1.03, 1.02, 0.78	0.21, 0.2, 0.32, 0.17	0.17, 0.16, 0.29, 0.12	0.39	0.22	20.58	0.36, 0.07, -0.1, 0.17	0.12	0	0.73	1.35	0.57	TRUE	TRUE	6.24e-08	31.77	66
pam_spearman_8	pam	spearman	8	1	0.03	1.11e-01	0.08	3.05	180, 74, 48, 62, 37, 52, 32, 51	0	0.9, 0.9, 0.91, 0.65, 0.83, 0.82, 0.75, 0.3	0.19, 0.29, 0.21, 0.14, 0.27, 0.19, 0.13, 0.08	0.17, 0.26, 0.16, 0.11, 0.24, 0.16, 0.08, 0.06	0.38	0.19	15.27	0.3, -0.23, -0.34, 0.16, 0, -0.23, -0.23, 0.26	-0.04	0	0.36	1.91	0.51	FALSE	TRUE	2.67e-47	31.73	67
pam_maximum_10	pam	maximum	10	1	0.01	9.06e-01	0.99	0	49, 72, 54, 71, 49, 58, 31, 47, 53, 52	0	0.76, 0.78, 0.99, 0.45, 0.86, 0.35, 0.36, 0.27, 0.79, 0.56	0.19, 0.15, 0.29, 0.07, 0.15, 0.09, 0.11, 0.08, 0.12, 0.16	0.16, 0.13, 0.27, 0.06, 0.11, 0.07, 0.1, 0.07, 0.09, 0.14	0.37	0.14	8.56	0.11, 0.07, -0.26, 0.34, 0.09, 0.2, 0.32, 0.24, 0, -0.01	0.11	0	0.46	2.28	0.38	FALSE	TRUE	5.14e-03	31.47	68
hc_maximum_5	hc	maximum	5	2	1.13	1.97e-10	0.43	0.61	444, 80, 3, 6, 3	0	1.14, 0.46, 0.22, 0.28, 0.08	0.31, 0.12, 0.14, 0.12, 0.05	0.29, 0.1, 0.14, 0.09, 0.05	0.43	0.28	30.53	-0.13, -0.27, 0.4, 0.68, 0.49	0.23	0.01	0.3	0.55	0.65	FALSE	FALSE	6.72e-294	31.1	69
pam_maximum_9	pam	maximum	9	1	0.02	9.06e-01	0.33	0.96	49, 117, 52, 58, 71, 58, 31, 59, 41	0	0.76, 1.01, 0.99, 0.56, 0.45, 0.35, 0.36, 0.37, 0.79	0.19, 0.18, 0.29, 0.16, 0.07, 0.09, 0.11, 0.09, 0.12	0.16, 0.15, 0.27, 0.15, 0.06, 0.07, 0.1, 0.08, 0.09	0.37	0.15	9.26	0.15, -0.02, -0.25, 0.12, 0.34, 0.24, 0.32, 0.15, 0.05	0.12	0	0.47	2.13	0.4	FALSE	TRUE	4.9e-14	30.89	70
pam_canberra_2	pam	canberra	2	1	0.5	1.98e-02	0.23	1.43	293, 243	0	1.12, 0.96	0.33, 0.2	0.27, 0.16	0.41	0.27	29.51	0.18, 0.51	0.34	0	1.27	0.69	0.65	TRUE	FALSE	3.08e-02	30.84	71
pam_spearman_9	pam	spearman	9	2	0.03	4.68e-01	0.13	2.26	152, 64, 75, 53, 37, 48, 16, 52, 39	0	0.9, 0.9, 0.69, 0.63, 0.83, 0.82, 0.5, 0.72, 0.7	0.2, 0.29, 0.15, 0.13, 0.27, 0.18, 0.22, 0.12, 0.17	0.17, 0.26, 0.11, 0.1, 0.24, 0.14, 0.2, 0.08, 0.13	0.37	0.19	14.75	-0.05, -0.27, -0.16, 0.26, -0.01, -0.22, -0.26, 0.17, 0.19	-0.04	0	0.5	2.04	0.51	FALSE	TRUE	9.21e-39	28.76	72
hc_spearman_4	hc	spearman	4	9	0.39	4.45e-04	0.02	5.55	523, 8, 3, 2	0	1.15, 0.47, 0.75, 0.14	0.33, 0.21, 0.62, 0.14	0.3, 0.22, 0.66, 0.14	0.54	0.33	40.52	0.08, 0.4, -0.31, 0.59	0.19	0.01	0.59	0.14	0.62	FALSE	FALSE	0e+00	28.7	73
hc_maximum_8	hc	maximum	8	1	0.29	4.45e-04	0.18	1.8	436, 80, 1, 3, 6, 5, 3, 2	0	1.14, 0.46, NA, 0.22, 0.28, 0.38, 0.08, 0.11	0.31, 0.12, NaN, 0.14, 0.12, 0.23, 0.05, 0.11	0.28, 0.1, NA, 0.14, 0.09, 0.22, 0.05, 0.11	0.43	0.27	29.23	-0.24, -0.27, 0, 0.27, 0.68, 0.17, 0.49, 0.58	0.21	0.01	0.31	0.64	0.63	FALSE	FALSE	0e+00	28.66	74
pam_spearman_7	pam	spearman	7	1	0.03	4.68e-01	0.03	4.81	180, 74, 81, 65, 37, 52, 47	0	0.9, 0.9, 0.91, 0.65, 0.83, 0.82, 0.3	0.19, 0.29, 0.18, 0.15, 0.27, 0.19, 0.08	0.17, 0.26, 0.13, 0.11, 0.24, 0.16, 0.06	0.38	0.19	15.32	0.3, -0.23, -0.35, 0.14, 0.01, -0.22, 0.44	0.02	0	0.48	1.81	0.51	FALSE	TRUE	1.59e-36	28.58	75
pam_canberra_7	pam	canberra	7	1	0.03	4.68e-01	0.2	1.64	86, 71, 119, 79, 42, 79, 60	0	0.82, 0.82, 0.81, 1, 0.66, 0.7, 0.48	0.21, 0.18, 0.19, 0.31, 0.1, 0.16, 0.1	0.18, 0.16, 0.16, 0.27, 0.07, 0.11, 0.08	0.37	0.19	15.2	-0.1, -0.17, 0.07, -0.24, 0.52, -0.24, 0.37	0.03	0	0.58	1.9	0.51	FALSE	TRUE	6.09e-08	28.5	76
hc_euclidean_5	hc	euclidean	5	9	0.37	2.27e-06	0.15	2.05	522, 3, 6, 3, 2	0	1.14, 0.22, 0.38, 0.08, 0.11	0.34, 0.14, 0.23, 0.05, 0.11	0.31, 0.14, 0.22, 0.05, 0.11	0.45	0.33	40.9	-0.31, 0.31, 0.29, 0.83, 0.58	0.34	0.02	0.77	0.15	0.75	FALSE	FALSE	0e+00	28.46	77
hc_canberra_7	hc	canberra	7	2	0.23	7.83e-02	0.01	7.81	430, 53, 3, 46, 2, 1, 1	0	1.01, 0.9, 0.04, 0.38, 0.21, NA, NA	0.29, 0.25, 0.03, 0.08, 0.21, NaN, NaN	0.26, 0.22, 0.03, 0.07, 0.21, NA, NA	0.46	0.26	26.69	0.09, -0.29, 0.68, -0.3, 0.3, 0, 0	0.07	0.01	0.22	0.69	0.57	FALSE	FALSE	0e+00	28.33	78
hc_euclidean_6	hc	euclidean	6	9	0.2	7.83e-02	0.14	2.14	518, 1, 6, 6, 3, 2	0	1.14, NA, 0.28, 0.38, 0.08, 0.05	0.34, NaN, 0.12, 0.23, 0.05, 0.05	0.31, NA, 0.09, 0.22, 0.05, 0.05	0.46	0.33	39.97	-0.33, 0, 0.64, 0.28, 0.78, 0.65	0.34	0.02	0.54	0.2	0.71	FALSE	FALSE	0e+00	28	79
pam_canberra_6	pam	canberra	6	1	0.04	4.68e-01	0.19	1.75	103, 131, 106, 71, 45, 80	0	0.87, 0.82, 1.02, 1, 0.66, 0.7	0.23, 0.17, 0.2, 0.31, 0.1, 0.17	0.19, 0.14, 0.17, 0.28, 0.07, 0.12	0.38	0.2	17.06	-0.12, 0.12, 0.06, -0.22, 0.54, -0.09	0.05	0	0.67	1.74	0.53	FALSE	TRUE	7.25e-10	27.84	80
hc_spearman_10	hc	spearman	10	2	0.6	4.96e-07	0.6	0.28	288, 226, 13, 1, 1, 1, 3, 1, 1, 1	0	1.03, 0.75, 0.22, NA, NA, NA, 0.02, NA, NA, NA	0.32, 0.18, 0.07, NaN, NaN, NaN, 0.02, NaN, NaN, NaN	0.26, 0.14, 0.06, NA, NA, NA, 0.02, NA, NA, NA	0.41	0.25	26.09	-0.12, 0.01, -0.49, 0, 0, 0, 0.62, 0, 0, 0	0	0	0.15	0.89	0.6	FALSE	FALSE	0e+00	27.81	81
pam_canberra_3	pam	canberra	3	1	0.29	1.91e-05	0.35	0.88	233, 121, 182	0	1.15, 1.04, 0.83	0.3, 0.22, 0.23	0.23, 0.18, 0.2	0.39	0.26	27.6	0.18, 0.18, 0.12	0.16	0	0.97	1.06	0.67	TRUE	TRUE	2.27e-08	27.53	82
pam_canberra_8	pam	canberra	8	1	0.02	6.99e-01	0.11	2.61	85, 71, 52, 65, 84, 43, 76, 60	0	0.83, 0.82, 0.91, 0.97, 0.75, 0.66, 0.7, 0.48	0.22, 0.18, 0.23, 0.27, 0.18, 0.1, 0.15, 0.1	0.19, 0.16, 0.19, 0.23, 0.15, 0.07, 0.11, 0.08	0.37	0.18	14.3	-0.18, -0.17, -0.11, -0.15, 0.1, 0.48, -0.19, 0.35	0.02	0	0.64	2.06	0.5	FALSE	TRUE	1.49e-03	26.9	83
hc_binary_5	hc	binary	5	17	0.37	5.41e-02	0.72	0.13	531, 2, 1, 1, 1	0	1.16, 0.13, NA, NA, NA	0.34, 0.13, NaN, NaN, NaN	0.31, 0.13, NA, NA, NA	0.47	0.34	42.15	-0.39, 0.18, 0, 0, 0	-0.04	0.01	0.58	0.07	0.73	FALSE	FALSE	0e+00	25.63	84
hc_maximum_6	hc	maximum	6	2	0.18	3.67e-01	0.23	1.43	439, 80, 3, 6, 5, 3	0	1.14, 0.46, 0.22, 0.28, 0.38, 0.08	0.31, 0.12, 0.14, 0.12, 0.23, 0.05	0.29, 0.1, 0.14, 0.09, 0.22, 0.05	0.43	0.28	29.76	-0.18, -0.27, 0.38, 0.68, 0.36, 0.49	0.24	0.01	0.31	0.6	0.64	FALSE	FALSE	0e+00	25.21	85
hc_canberra_6	hc	canberra	6	2	0.39	3.86e-03	0.01	6.45	475, 54, 3, 2, 1, 1	0	1.15, 0.8, 0.04, 0.21, NA, NA	0.31, 0.25, 0.03, 0.21, NaN, NaN	0.28, 0.22, 0.03, 0.21, NA, NA	0.47	0.3	34.73	-0.01, -0.28, 0.7, 0.3, 0, 0	0.12	0.01	0.33	0.41	0.65	FALSE	FALSE	0e+00	24.85	86
pam_canberra_9	pam	canberra	9	1	0.02	9.06e-01	0.2	1.66	71, 71, 59, 56, 56, 41, 76, 60, 46	0	0.83, 0.82, 0.9, 0.97, 0.66, 0.56, 0.7, 0.48, 0.94	0.22, 0.18, 0.21, 0.25, 0.17, 0.09, 0.15, 0.1, 0.25	0.19, 0.16, 0.17, 0.21, 0.14, 0.06, 0.11, 0.08, 0.22	0.37	0.18	13.9	-0.21, -0.19, -0.05, -0.1, 0.11, 0.52, -0.2, 0.35, -0.2	0	0.01	0.69	2.18	0.5	FALSE	TRUE	1.95e-02	24.72	87
hc_euclidean_9	hc	euclidean	9	3	0.76	3.86e-03	0.99	0	510, 1, 6, 5, 1, 7, 3, 2, 1	0	1.14, NA, 0.15, 0.29, NA, 0.18, 0.08, 0.05, NA	0.34, NaN, 0.06, 0.21, NaN, 0.08, 0.05, 0.05, NaN	0.31, NA, 0.05, 0.21, NA, 0.09, 0.05, 0.05, NA	0.43	0.33	39.27	-0.42, 0, 0.74, 0.08, 0, 0.45, 0.78, 0.65, 0	0.25	0.02	0.51	0.28	0.75	FALSE	FALSE	0e+00	24.17	88
hc_canberra_8	hc	canberra	8	1	0.11	4.68e-01	0	7.95	429, 49, 3, 3, 48, 2, 1, 1	0	1.01, 0.8, 0.26, 0.04, 0.38, 0.21, NA, NA	0.29, 0.23, 0.24, 0.03, 0.09, 0.21, NaN, NaN	0.26, 0.19, 0.25, 0.03, 0.07, 0.21, NA, NA	0.46	0.26	26.21	0.08, -0.31, 0.29, 0.69, -0.33, 0.3, 0, 0	0.09	0.01	0.24	0.72	0.57	FALSE	FALSE	0e+00	24.14	89
pam_canberra_10	pam	canberra	10	1	0.01	9.67e-01	0.73	0.12	87, 45, 51, 49, 60, 36, 76, 60, 32, 40	0	0.81, 0.9, 0.85, 0.66, 0.69, 0.56, 0.7, 0.48, 0.92, 0.76	0.2, 0.18, 0.25, 0.18, 0.14, 0.07, 0.14, 0.1, 0.33, 0.24	0.17, 0.14, 0.21, 0.16, 0.12, 0.05, 0.11, 0.08, 0.3, 0.21	0.36	0.18	13.31	-0.09, 0.07, -0.15, -0.02, -0.08, 0.59, -0.19, 0.27, -0.33, -0.18	-0.01	0.01	0.48	2.26	0.49	FALSE	TRUE	5.53e-08	24.05	90
hc_binary_6	hc	binary	6	15	0.27	7.83e-02	0.69	0.16	530, 2, 1, 1, 1, 1	0	1.16, 0.13, NA, NA, NA, NA	0.34, 0.13, NaN, NaN, NaN, NaN	0.31, 0.13, NA, NA, NA, NA	0.47	0.34	41.95	-0.39, -0.52, 0, 0, 0, 0	-0.15	0.01	0.19	0.08	0.73	FALSE	FALSE	0e+00	23.93	91
hc_canberra_5	hc	canberra	5	3	0.69	2.47e-04	0.02	5.29	529, 3, 2, 1, 1	0	1.15, 0.04, 0.21, NA, NA	0.34, 0.03, 0.21, NaN, NaN	0.31, 0.03, 0.21, NA, NA	0.51	0.34	41.46	-0.09, 0.7, 0.3, 0, 0	0.18	0.01	0.3	0.09	0.66	FALSE	FALSE	0e+00	23.65	92
hc_euclidean_7	hc	euclidean	7	7	0.1	2.81e-01	0.14	2.14	518, 1, 6, 5, 3, 2, 1	0	1.14, NA, 0.28, 0.29, 0.08, 0.05, NA	0.34, NaN, 0.12, 0.21, 0.05, 0.05, NaN	0.31, NA, 0.09, 0.21, 0.05, 0.05, NA	0.46	0.33	39.91	-0.34, 0, 0.64, 0.17, 0.78, 0.65, 0	0.27	0.02	0.54	0.2	0.71	FALSE	FALSE	0e+00	23.05	93
hc_spearman_9	hc	spearman	9	2	0.52	6.3e-03	0.95	0	519, 8, 1, 1, 1, 3, 1, 1, 1	0	1.15, 0.47, NA, NA, NA, 0.02, NA, NA, NA	0.33, 0.21, NaN, NaN, NaN, 0.02, NaN, NaN, NaN	0.3, 0.22, NA, NA, NA, 0.02, NA, NA, NA	0.54	0.33	39	-0.26, 0.28, 0, 0, 0, 0.62, 0, 0, 0	0.07	0.01	0.14	0.19	0.61	FALSE	FALSE	0e+00	23	94
pam_spearman_10	pam	spearman	10	1	0.01	9.94e-01	0.19	1.69	139, 50, 48, 45, 47, 30, 47, 57, 36, 37	0	0.69, 0.9, 0.73, 0.91, 0.64, 0.83, 0.82, 0.53, 0.3, 0.7	0.18, 0.31, 0.27, 0.21, 0.14, 0.25, 0.19, 0.11, 0.07, 0.18	0.16, 0.29, 0.25, 0.17, 0.11, 0.22, 0.15, 0.08, 0.06, 0.14	0.37	0.19	14.73	0.04, -0.33, -0.27, -0.37, 0.19, 0.07, -0.27, -0.18, 0.35, 0.08	-0.07	0	0.33	2.19	0.51	FALSE	TRUE	3.75e-30	22.87	95
hc_maximum_7	hc	maximum	7	2	0.12	5.81e-01	0.22	1.53	438, 80, 1, 3, 6, 5, 3	0	1.14, 0.46, NA, 0.22, 0.28, 0.38, 0.08	0.31, 0.12, NaN, 0.14, 0.12, 0.23, 0.05	0.29, 0.1, NA, 0.14, 0.09, 0.22, 0.05	0.44	0.28	29.44	-0.19, -0.27, 0, 0.38, 0.68, 0.36, 0.49	0.21	0.01	0.31	0.61	0.63	FALSE	FALSE	0e+00	22.82	96
hc_euclidean_8	hc	euclidean	8	7	0.36	3.67e-01	0.92	0.01	510, 1, 7, 5, 7, 3, 2, 1	0	1.14, NA, 0.31, 0.29, 0.18, 0.08, 0.05, NA	0.34, NaN, 0.12, 0.21, 0.08, 0.05, 0.05, NaN	0.31, NA, 0.08, 0.21, 0.09, 0.05, 0.05, NA	0.43	0.33	39.33	-0.4, 0, 0.63, 0.09, 0.45, 0.78, 0.65, 0	0.28	0.02	0.51	0.28	0.75	FALSE	FALSE	0e+00	22.47	97
hc_euclidean_10	hc	euclidean	10	5	0.25	2.81e-01	0.47	0.52	502, 15, 1, 6, 3, 2, 1, 3, 2, 1	0	1.14, 0.36, NA, 0.15, 0.19, 0.1, NA, 0.08, 0.05, NA	0.34, 0.15, NaN, 0.06, 0.19, 0.1, NaN, 0.05, 0.05, NaN	0.31, 0.14, NA, 0.05, 0.19, 0.1, NA, 0.05, 0.05, NA	0.4	0.32	39.13	-0.43, -0.03, 0, 0.74, 0.05, 0.59, 0, 0.78, 0.65, 0	0.23	0.02	0.52	0.35	0.81	FALSE	FALSE	0e+00	20.24	98
hc_spearman_5	hc	spearman	5	5	0.23	5.41e-02	0.98	0	530, 3, 1, 1, 1	0	1.15, 0.75, NA, NA, NA	0.34, 0.62, NaN, NaN, NaN	0.31, 0.66, NA, NA, NA	0.53	0.34	41.92	-0.25, -0.41, 0, 0, 0	-0.13	0.01	0.23	0.08	0.64	FALSE	FALSE	0e+00	19.79	99
hc_binary_7	hc	binary	7	9	0.29	1.11e-01	0.24	1.38	529, 1, 2, 1, 1, 1, 1	0	1.16, NA, 0.15, NA, NA, NA, NA	0.34, NaN, 0.15, NaN, NaN, NaN, NaN	0.31, NA, 0.15, NA, NA, NA, NA	0.45	0.34	41.85	-0.45, 0, -0.03, 0, 0, 0, 0	-0.07	0.01	0.39	0.09	0.75	FALSE	FALSE	0e+00	19.25	100
hc_binary_9	hc	binary	9	12	0.22	2.81e-01	0.45	0.58	527, 1, 2, 1, 1, 1, 1, 1, 1	0	1.16, NA, 0.15, NA, NA, NA, NA, NA, NA	0.34, NaN, 0.15, NaN, NaN, NaN, NaN, NaN, NaN	0.31, NA, 0.15, NA, NA, NA, NA, NA, NA	0.44	0.34	41.54	-0.45, 0, -0.03, 0, 0, 0, 0, 0, 0	-0.05	0.01	0.03	0.12	0.76	FALSE	FALSE	0e+00	19.07	101
hc_canberra_9	hc	canberra	9	1	0.04	9.67e-01	0	8.64	427, 49, 3, 3, 48, 2, 2, 1, 1	0	1.01, 0.8, 0.26, 0.04, 0.38, 0.27, 0.21, NA, NA	0.29, 0.23, 0.24, 0.03, 0.09, 0.27, 0.21, NaN, NaN	0.26, 0.19, 0.25, 0.03, 0.07, 0.27, 0.21, NA, NA	0.46	0.26	25.84	-0.05, -0.31, 0.29, 0.69, -0.33, 0.06, 0.3, 0, 0	0.07	0.01	0.24	0.74	0.57	FALSE	FALSE	0e+00	18.79	102
hc_spearman_7	hc	spearman	7	3	0.43	2.11e-01	0.66	0.19	527, 2, 1, 3, 1, 1, 1	0	1.15, 0.45, NA, 0.02, NA, NA, NA	0.34, 0.45, NaN, 0.02, NaN, NaN, NaN	0.31, 0.45, NA, 0.02, NA, NA, NA	0.52	0.34	40.91	-0.27, -0.46, 0, 0.62, 0, 0, 0	-0.02	0.01	0.12	0.11	0.65	FALSE	FALSE	0e+00	17.78	103
hc_canberra_10	hc	canberra	10	1	0.03	1e+00	0	9.16	429, 49, 3, 3, 37, 9, 2, 2, 1, 1	0	1.02, 0.8, 0.26, 0.04, 0.38, 0.16, 0.27, 0.21, NA, NA	0.29, 0.23, 0.24, 0.03, 0.08, 0.05, 0.27, 0.21, NaN, NaN	0.26, 0.19, 0.25, 0.03, 0.07, 0.05, 0.27, 0.21, NA, NA	0.46	0.26	26.07	-0.06, -0.32, 0.29, 0.65, -0.28, -0.27, 0.06, 0.3, 0, 0	0.04	0.01	0.16	0.77	0.57	FALSE	FALSE	0e+00	17.7	104
hc_spearman_6	hc	spearman	6	4	0.43	2.81e-01	0.84	0.04	530, 2, 1, 1, 1, 1	0	1.15, 0.45, NA, NA, NA, NA	0.34, 0.45, NaN, NaN, NaN, NaN	0.31, 0.45, NA, NA, NA, NA	0.53	0.34	41.62	-0.26, -0.46, 0, 0, 0, 0	-0.12	0.01	0.32	0.08	0.64	FALSE	FALSE	0e+00	17.68	105
hc_binary_10	hc	binary	10	7	0.19	1.55e-01	0.58	0.31	525, 1, 2, 2, 1, 1, 1, 1, 1, 1	0	1.16, NA, 0.15, 0.79, NA, NA, NA, NA, NA, NA	0.34, NaN, 0.15, 0.79, NaN, NaN, NaN, NaN, NaN, NaN	0.31, NA, 0.15, 0.79, NA, NA, NA, NA, NA, NA	0.45	0.34	41.42	-0.45, 0, -0.03, -0.77, 0, 0, 0, 0, 0, 0	-0.13	0.01	0.01	0.14	0.75	FALSE	FALSE	0e+00	17.47	106
hc_spearman_8	hc	spearman	8	5	0.31	4.68e-01	0.6	0.27	527, 1, 1, 1, 3, 1, 1, 1	0	1.15, NA, NA, NA, 0.02, NA, NA, NA	0.34, NaN, NaN, NaN, 0.02, NaN, NaN, NaN	0.31, NA, NA, NA, 0.02, NA, NA, NA	0.52	0.34	40.81	-0.27, 0, 0, 0, 0.62, 0, 0, 0	0.04	0.01	0.14	0.12	0.65	FALSE	FALSE	0e+00	17	107
hc_binary_8	hc	binary	8	8	0.22	4.68e-01	0.35	0.87	528, 1, 2, 1, 1, 1, 1, 1	0	1.16, NA, 0.15, NA, NA, NA, NA, NA	0.34, NaN, 0.15, NaN, NaN, NaN, NaN, NaN	0.31, NA, 0.15, NA, NA, NA, NA, NA	0.44	0.34	41.74	-0.45, 0, -0.03, 0, 0, 0, 0, 0	-0.06	0.01	0.16	0.11	0.77	FALSE	FALSE	0e+00	14.59	108
pam_binary_3	pam	binary	3	2	0.38	1.36e-03	0.58	0.3	273, 136, 127	0	1.09, 1.13, 1.15	0.33, 0.35, 0.36	0.31, 0.33, 0.32	0.35	0.34	42.69	0, -0.02, -0.06	-0.03	0	0.97	1.03	0.99	TRUE	FALSE	5.34e-17	12.23	109
pam_binary_2	pam	binary	2	2	0.47	1.98e-02	0.6	0.28	370, 166	0	1.14, 1.15	0.34, 0.36	0.31, 0.32	0.35	0.34	43.08	0.03, -0.03	0	0	0.97	0.62	0.99	TRUE	FALSE	1.24e-18	12.13	110
pam_binary_9	pam	binary	9	17	0.02	1e+00	0.93	0.01	119, 30, 33, 45, 39, 93, 32, 75, 70	0	1.02, 0.97, 0.85, 1.08, 1.02, 1.04, 1.05, 1.04, 1.12	0.33, 0.38, 0.34, 0.32, 0.34, 0.36, 0.34, 0.34, 0.32	0.3, 0.38, 0.33, 0.29, 0.27, 0.34, 0.3, 0.31, 0.3	0.35	0.34	41.62	-0.13, -0.19, -0.14, 0, -0.1, -0.17, -0.11, -0.16, -0.1	-0.12	0	0.85	2.08	0.98	FALSE	TRUE	4.47e-25	11.26	111
pam_binary_10	pam	binary	10	17	0.01	1e+00	0.13	2.35	39, 41, 60, 32, 78, 89, 29, 39, 30, 99	0	1.04, 1.06, 1.1, 0.82, 1.06, 1.04, 0.87, 1.03, 0.92, 0.96	0.33, 0.34, 0.34, 0.32, 0.35, 0.36, 0.25, 0.34, 0.35, 0.33	0.28, 0.3, 0.32, 0.3, 0.32, 0.33, 0.22, 0.28, 0.32, 0.31	0.34	0.34	40.92	-0.22, -0.14, -0.23, -0.15, -0.23, -0.21, 0.14, -0.16, -0.21, -0.2	-0.16	0	0.85	2.2	0.98	FALSE	TRUE	1.4e-20	11.25	112
pam_binary_4	pam	binary	4	6	0.14	2.81e-01	0.1	2.7	233, 139, 56, 108	0	1.13, 1.06, 1.03, 1.14	0.33, 0.35, 0.37, 0.35	0.31, 0.31, 0.33, 0.32	0.35	0.34	42.85	0, -0.03, -0.09, -0.05	-0.04	0	0.92	1.27	0.99	TRUE	TRUE	1.19e-26	11.17	113
pam_binary_8	pam	binary	8	15	0.02	1e+00	0.56	0.35	61, 42, 56, 105, 125, 78, 20, 49	0	0.98, 1.08, 1.03, 1.04, 1.02, 1.06, 0.77, 1.11	0.35, 0.33, 0.33, 0.35, 0.33, 0.36, 0.28, 0.37	0.32, 0.3, 0.28, 0.31, 0.3, 0.32, 0.25, 0.34	0.34	0.34	42.11	-0.13, -0.07, -0.14, -0.15, -0.15, -0.18, 0.04, -0.19	-0.12	0	0.83	1.96	0.99	FALSE	TRUE	1.78e-23	9.4	114
pam_binary_6	pam	binary	6	11	0.05	8.13e-01	0.01	7.85	178, 55, 63, 102, 110, 28	0	1.02, 1.08, 1.02, 1.04, 1.06, 1.13	0.33, 0.33, 0.33, 0.36, 0.34, 0.39	0.31, 0.31, 0.29, 0.33, 0.3, 0.38	0.35	0.34	42.26	-0.06, -0.04, -0.05, -0.1, -0.1, -0.15	-0.08	0	0.86	1.65	0.99	FALSE	TRUE	3.14e-32	9.09	115
pam_binary_7	pam	binary	7	13	0.03	9.67e-01	0.19	1.76	50, 75, 60, 110, 119, 100, 22	0	1.04, 1.11, 1.02, 1.02, 1.05, 1.04, 0.82	0.34, 0.34, 0.34, 0.33, 0.37, 0.33, 0.32	0.31, 0.32, 0.29, 0.3, 0.34, 0.31, 0.29	0.34	0.34	42.49	-0.09, -0.06, -0.08, -0.08, -0.13, -0.08, -0.04	-0.08	0	0.87	1.85	1	FALSE	TRUE	1.06e-18	8.29	116
pam_binary_5	pam	binary	5	7	0.07	6.99e-01	0.06	3.58	158, 90, 97, 104, 87	0	1.08, 1.13, 1.15, 1.04, 1	0.33, 0.35, 0.36, 0.35, 0.32	0.31, 0.33, 0.32, 0.32, 0.29	0.35	0.34	42.44	-0.04, -0.08, -0.09, -0.06, -0.02	-0.06	0	0.93	1.58	0.99	TRUE	TRUE	2.2e-06	7.66	117
