algorithm	distance	feature_selection	k	stretch	delta_auc	p_val	cox_anova_pval	cox_anova_chisq	cluster.size	noisen	diameter	average.distance	median.distance	average.between	average.within	within.cluster.ss	clus.avg.silwidths	avg_sil	dunn	dunn2	entropy	wb.ratio	cluster_size_min	cluster_size_max	all_equal
hc	spearman	var_100	2	30	0.02	1.98e-02	0.05	3.74	533, 3	0	1.15, 0.75	0.34, 0.62	0.31, 0.66	0.56	0.34	42.68	0.37, -0.1	0.14	0.02	0.9	0.03	0.62	FALSE	FALSE	5.52e-116
hc	spearman	var_100	3	28	0.8	1.87e-08	0.08	3.08	532, 3, 1	0	1.15, 0.75, NA	0.34, 0.62, NaN	0.31, 0.66, NA	0.55	0.34	42.43	0.15, -0.28, 0	-0.04	0.02	0.82	0.05	0.63	FALSE	FALSE	2.5e-228
hc	spearman	var_100	4	9	0.39	4.45e-04	0.02	5.55	523, 8, 3, 2	0	1.15, 0.47, 0.75, 0.14	0.33, 0.21, 0.62, 0.14	0.3, 0.22, 0.66, 0.14	0.54	0.33	40.52	0.08, 0.4, -0.31, 0.59	0.19	0.01	0.59	0.14	0.62	FALSE	FALSE	0e+00
hc	spearman	var_100	5	5	0.23	5.41e-02	0.98	0	530, 3, 1, 1, 1	0	1.15, 0.75, NA, NA, NA	0.34, 0.62, NaN, NaN, NaN	0.31, 0.66, NA, NA, NA	0.53	0.34	41.92	-0.25, -0.41, 0, 0, 0	-0.13	0.01	0.23	0.08	0.64	FALSE	FALSE	0e+00
hc	spearman	var_100	6	4	0.43	2.81e-01	0.84	0.04	530, 2, 1, 1, 1, 1	0	1.15, 0.45, NA, NA, NA, NA	0.34, 0.45, NaN, NaN, NaN, NaN	0.31, 0.45, NA, NA, NA, NA	0.53	0.34	41.62	-0.26, -0.46, 0, 0, 0, 0	-0.12	0.01	0.32	0.08	0.64	FALSE	FALSE	0e+00
hc	spearman	var_100	7	3	0.43	2.11e-01	0.66	0.19	527, 2, 1, 3, 1, 1, 1	0	1.15, 0.45, NA, 0.02, NA, NA, NA	0.34, 0.45, NaN, 0.02, NaN, NaN, NaN	0.31, 0.45, NA, 0.02, NA, NA, NA	0.52	0.34	40.91	-0.27, -0.46, 0, 0.62, 0, 0, 0	-0.02	0.01	0.12	0.11	0.65	FALSE	FALSE	0e+00
hc	spearman	var_100	8	5	0.31	4.68e-01	0.6	0.27	527, 1, 1, 1, 3, 1, 1, 1	0	1.15, NA, NA, NA, 0.02, NA, NA, NA	0.34, NaN, NaN, NaN, 0.02, NaN, NaN, NaN	0.31, NA, NA, NA, 0.02, NA, NA, NA	0.52	0.34	40.81	-0.27, 0, 0, 0, 0.62, 0, 0, 0	0.04	0.01	0.14	0.12	0.65	FALSE	FALSE	0e+00
hc	spearman	var_100	9	2	0.52	6.3e-03	0.95	0	519, 8, 1, 1, 1, 3, 1, 1, 1	0	1.15, 0.47, NA, NA, NA, 0.02, NA, NA, NA	0.33, 0.21, NaN, NaN, NaN, 0.02, NaN, NaN, NaN	0.3, 0.22, NA, NA, NA, 0.02, NA, NA, NA	0.54	0.33	39	-0.26, 0.28, 0, 0, 0, 0.62, 0, 0, 0	0.07	0.01	0.14	0.19	0.61	FALSE	FALSE	0e+00
hc	spearman	var_100	10	2	0.6	4.96e-07	0.6	0.28	288, 226, 13, 1, 1, 1, 3, 1, 1, 1	0	1.03, 0.75, 0.22, NA, NA, NA, 0.02, NA, NA, NA	0.32, 0.18, 0.07, NaN, NaN, NaN, 0.02, NaN, NaN, NaN	0.26, 0.14, 0.06, NA, NA, NA, 0.02, NA, NA, NA	0.41	0.25	26.09	-0.12, 0.01, -0.49, 0, 0, 0, 0.62, 0, 0, 0	0	0	0.15	0.89	0.6	FALSE	FALSE	0e+00
